{"accuracy": 0.8571428571428571, "specificity": 0.5, "sensitivity": 0.9213483146067416}